adjudication_id,review_priority,tsa_id,tsa_section,tsa_text,target_corpus,target_id,target_text,cosine_similarity,tentative_alignment_type,shared_terms_hint,adjudicated_alignment_type,adjudicator,adjudication_rationale,adjudication_date,ai_suggested_type,ai_suggested_rationale
ADJ-0001,high,TSA-122,T3,Establish and maintain cyber-incident response capability,SP800-53,IR-8,Develop an incident response plan that provides the organization with a roadmap for implementing its incident response capability.,0.3852,Direct,"capability, response",Direct,Friday Ogochukwu Ikwuogu,Same concept: establishing the capability vs. a plan that operationalizes it. Confirmed.,2026-09-20,Direct,Same concept: establishing the capability vs. a plan that operationalizes it. Confirmed.
ADJ-0002,high,TSA-107,T3,Provide role-based security training on recognizing indicators of system compromise,SP800-53,AT-3,Provide role-based security and privacy training to personnel with assigned security/privacy roles before authorizing access.,0.3504,Direct,"provide, role-based, security, training",Partial,Friday Ogochukwu Ikwuogu,"Both are role-based training, but TSA targets recognizing compromise indicators specifically; AT-3 is generic pre-access training. Downgraded from tentative Direct.",2026-09-20,Partial,"Both are role-based training, but TSA targets recognizing compromise indicators specifically; AT-3 is generic pre-access training. Downgraded from tentative Direct."
ADJ-0003,high,TSA-095,T3,Ensure threat and vulnerability information from sharing forums available to responsible personnel,CSF2.0,ID.RA-02,Cyber threat intelligence is received from information sharing forums and sources,0.3479,Direct,"forums, information, sharing, threat",Direct,Friday Ogochukwu Ikwuogu,Same concept: threat/vulnerability info from sharing forums to responsible personnel. Confirmed.,2026-09-20,Direct,Same concept: threat/vulnerability info from sharing forums to responsible personnel. Confirmed.
ADJ-0004,high,TSA-006,2,Develop and maintain security elements within corporate incident response and recovery plan,CSF2.0,RC.RP-01,The recovery portion of the incident response plan is executed once initiated from the incident response process,0.2617,Partial,"incident, plan, recovery, response",Related,Friday Ogochukwu Ikwuogu,TSA is about developing/maintaining plan elements; RC.RP-01 is about executing the recovery portion. Different lifecycle stage. Downgraded.,2026-09-20,Related,TSA is about developing/maintaining plan elements; RC.RP-01 is about executing the recovery portion. Different lifecycle stage. Downgraded.
ADJ-0005,high,TSA-094,T3,Establish process to identify and evaluate vulnerabilities and compensating controls,SP800-53,SR-3,Establish a process to identify and address weaknesses or deficiencies in the supply chain elements and processes.,0.2572,Partial,"establish, identify, process",Related,Friday Ogochukwu Ikwuogu,"TSA's vulnerability/compensating-controls process is general; SR-3 is supply-chain-specific. Same pattern, narrower CSF-target scope. Downgraded.",2026-09-20,Related,"TSA's vulnerability/compensating-controls process is general; SR-3 is supply-chain-specific. Same pattern, narrower CSF-target scope. Downgraded."
ADJ-0006,high,TSA-063,T2,Provide security training including incident response to assigned security personnel,SP800-53,AT-3,Provide role-based security and privacy training to personnel with assigned security/privacy roles before authorizing access.,0.255,Partial,"assigned, personnel, provide, security",Partial,Friday Ogochukwu Ikwuogu,Both cover training to assigned personnel; TSA emphasizes incident-response content specifically. Confirmed.,2026-09-20,Partial,Both cover training to assigned personnel; TSA emphasizes incident-response content specifically. Confirmed.
ADJ-0007,high,TSA-013,3.1,Be protected from unauthorized access based on company policy,CSF2.0,PR.IR-01,Networks and environments are protected from unauthorized logical access and usage,0.2524,Partial,"access, protected, unauthorized",Related,Friday Ogochukwu Ikwuogu,"FALSE-MATCH RISK: TSA-013 (section 3.1) protects the corporate security PLAN DOCUMENT from unauthorized access; PR.IR-01 is about network/logical access. Same words, different object. Strongly downgraded from Partial — flag for your review.",2026-09-20,Related,"FALSE-MATCH RISK: TSA-013 (section 3.1) protects the corporate security PLAN DOCUMENT from unauthorized access; PR.IR-01 is about network/logical access. Same words, different object. Strongly downgraded from Partial — flag for your review."
ADJ-0008,high,TSA-116,T3,Conduct cyber vulnerability assessments per risk assessment process,SP800-53,RA-1,"Develop, document, and disseminate a risk assessment policy and procedures.",0.241,Partial,"assessment, risk",Related,Friday Ogochukwu Ikwuogu,"TSA-116 is an operational vulnerability-assessment ACTIVITY; RA-1 is the risk-assessment POLICY document, a different specificity level. A better SP 800-53 match may be RA-5 (Vulnerability Monitoring and Scanning), not in this candidate's top-3. Downgraded, alternate suggested.",2026-09-20,Related,"TSA-116 is an operational vulnerability-assessment ACTIVITY; RA-1 is the risk-assessment POLICY document, a different specificity level. A better SP 800-53 match may be RA-5 (Vulnerability Monitoring and Scanning), not in this candidate's top-3. Downgraded, alternate suggested."
ADJ-0009,high,TSA-123,T3,Conduct cybersecurity incident response exercises periodically,CPG1.0.1,2.S,"Maintain, practice, and update IT and OT cybersecurity incident response plans for threat scenarios annually.",0.2409,Partial,"cybersecurity, incident, response",Direct,Friday Ogochukwu Ikwuogu,Strong overlap: periodic exercises vs. annual practice of IR plans for threat scenarios. Upgraded from Partial.,2026-09-20,Direct,Strong overlap: periodic exercises vs. annual practice of IR plans for threat scenarios. Upgraded from Partial.
ADJ-0010,high,TSA-006,2,Develop and maintain security elements within corporate incident response and recovery plan,SP800-53,IR-8,Develop an incident response plan that provides the organization with a roadmap for implementing its incident response capability.,0.2402,Partial,"develop, incident, plan, response",Partial,Friday Ogochukwu Ikwuogu,Decent overlap on developing the IR plan; TSA-006 also covers recovery-plan elements not in IR-8's scope. Confirmed.,2026-09-20,Partial,Decent overlap on developing the IR plan; TSA-006 also covers recovery-plan elements not in IR-8's scope. Confirmed.
ADJ-0011,high,TSA-122,T3,Establish and maintain cyber-incident response capability,CSF2.0,RC.RP-01,The recovery portion of the incident response plan is executed once initiated from the incident response process,0.2401,Partial,response,Related,Friday Ogochukwu Ikwuogu,Lifecycle mismatch: establishing capability vs. executing the recovery portion. Also a weaker duplicate of ADJ-0001's better match. Downgraded.,2026-09-20,Related,Lifecycle mismatch: establishing capability vs. executing the recovery portion. Also a weaker duplicate of ADJ-0001's better match. Downgraded.
ADJ-0012,high,TSA-123,T3,Conduct cybersecurity incident response exercises periodically,CSF2.0,RC.RP-01,The recovery portion of the incident response plan is executed once initiated from the incident response process,0.2385,Partial,"incident, response",Related,Friday Ogochukwu Ikwuogu,Lifecycle mismatch: conducting exercises vs. executing recovery. Downgraded.,2026-09-20,Related,Lifecycle mismatch: conducting exercises vs. executing recovery. Downgraded.
ADJ-0013,high,TSA-102,T3,Monitor physical and remote user access to critical pipeline cyber assets,SP800-53,PE-6,Monitor physical access to the facility and system to detect and respond to physical security incidents.,0.2373,Partial,"access, monitor, physical",Partial,Friday Ogochukwu Ikwuogu,"Physical access monitoring matches well; TSA also covers remote access, which PE-6 doesn't. Confirmed.",2026-09-20,Partial,"Physical access monitoring matches well; TSA also covers remote access, which PE-6 doesn't. Confirmed."
ADJ-0014,high,TSA-123,T3,Conduct cybersecurity incident response exercises periodically,SP800-53,IR-8,Develop an incident response plan that provides the organization with a roadmap for implementing its incident response capability.,0.2371,Partial,"incident, response",Related,Friday Ogochukwu Ikwuogu,Different activities: conducting exercises vs. writing the IR plan. Downgraded.,2026-09-20,Related,Different activities: conducting exercises vs. writing the IR plan. Downgraded.
ADJ-0015,high,TSA-058,T2,Develop internal and external notification requirements and procedures,CSF2.0,RS.CO-02,Internal and external stakeholders are notified of incidents,0.2348,Partial,"external, internal",Direct,Friday Ogochukwu Ikwuogu,Strong match: notification requirements/procedures vs. stakeholders being notified of incidents. Upgraded from Partial.,2026-09-20,Direct,Strong match: notification requirements/procedures vs. stakeholders being notified of incidents. Upgraded from Partial.
ADJ-0016,high,TSA-106,T3,Ensure all persons requiring access receive cybersecurity awareness training,SP800-53,AT-1,"Develop, document, and disseminate an awareness and training policy and procedures.",0.2298,Partial,"awareness, training",Related,Friday Ogochukwu Ikwuogu,"TSA is about delivering training to people; AT-1 is the training POLICY document, not delivery. AT-2 (Literacy Training and Awareness) is a better-fit alternate. Downgraded, alternate suggested.",2026-09-20,Related,"TSA is about delivering training to people; AT-1 is the training POLICY document, not delivery. AT-2 (Literacy Training and Awareness) is a better-fit alternate. Downgraded, alternate suggested."
ADJ-0017,high,TSA-082,T3,Establish and document policies and procedures for configuration information assessment,SP800-53,CM-6,Establish and document configuration settings using security configuration checklists; implement and monitor for deviations.,0.2279,Partial,"configuration, document, establish",Partial,Friday Ogochukwu Ikwuogu,"Same domain (configuration management); TSA is about assessing config info, CM-6 is specifically about settings/checklists. Confirmed as Partial, not Direct.",2026-09-20,Partial,"Same domain (configuration management); TSA is about assessing config info, CM-6 is specifically about settings/checklists. Confirmed as Partial, not Direct."
ADJ-0018,high,TSA-124,T3,Establish and maintain process supporting 24-hour cyber incident response,CSF2.0,RC.RP-01,The recovery portion of the incident response plan is executed once initiated from the incident response process,0.2265,Partial,"incident, process, response",Related,Friday Ogochukwu Ikwuogu,Lifecycle mismatch: 24-hour operational readiness vs. recovery execution. Downgraded.,2026-09-20,Related,Lifecycle mismatch: 24-hour operational readiness vs. recovery execution. Downgraded.
ADJ-0019,high,TSA-065,T2,"Conduct periodic security drills or exercises, including announced/unannounced tests",CSF2.0,ID.IM-02,"Improvements are identified from security tests and exercises, including those done in coordination with suppliers and relevant third parties",0.2247,Partial,"exercises, including, security, tests",Partial,Friday Ogochukwu Ikwuogu,Good complementary match: conducting exercises vs. deriving improvements from them. Confirmed.,2026-09-20,Partial,Good complementary match: conducting exercises vs. deriving improvements from them. Confirmed.
ADJ-0020,high,TSA-070,T2,Develop and document recordkeeping policies and procedures for security information,SP800-53,SI-1,"Develop, document, and disseminate a system and information integrity policy and procedures.",0.2121,Partial,"develop, document, information, procedures",Related,Friday Ogochukwu Ikwuogu,"FALSE-MATCH RISK: TSA-070 is about RECORDKEEPING/retention for security info; SI-1 is about system/information INTEGRITY — a different concept entirely. The boilerplate phrase 'develop, document, disseminate...policy' drove the match, not the subject. Strongly downgraded — flag for your review.",2026-09-20,Related,"FALSE-MATCH RISK: TSA-070 is about RECORDKEEPING/retention for security info; SI-1 is about system/information INTEGRITY — a different concept entirely. The boilerplate phrase 'develop, document, disseminate...policy' drove the match, not the subject. Strongly downgraded — flag for your review."
ADJ-0021,high,TSA-098,T3,"Employ stringent identity and access management practices (authenticators, passwords)",CSF2.0,PR.PS-01,Configuration management practices are established and applied,0.2016,Partial,"management, practices",Related,Friday Ogochukwu Ikwuogu,"FALSE-MATCH RISK: identity/access management vs. configuration management are different domains; 'management practices' drove the lexical match. A CSF PR.AA subcategory (Identity Management, Authentication, and Access Control) would fit better. Downgraded, alternate suggested.",2026-09-20,Related,"FALSE-MATCH RISK: identity/access management vs. configuration management are different domains; 'management practices' drove the lexical match. A CSF PR.AA subcategory (Identity Management, Authentication, and Access Control) would fit better. Downgraded, alternate suggested."
ADJ-0022,high,TSA-043,T2,"Provide critical facilities with security measures to monitor, detect unauthorized access",SP800-53,SI-4,"Monitor the system to detect attacks, indicators of potential attacks, and unauthorized connections.",0.2013,Partial,"detect, monitor, unauthorized",Related,Friday Ogochukwu Ikwuogu,Domain mismatch: TSA-043 is physical-security facility monitoring; SI-4 is IT system monitoring. PE-6 (already matched to TSA-102) is the better physical-security fit. Downgraded.,2026-09-20,Related,Domain mismatch: TSA-043 is physical-security facility monitoring; SI-4 is IT system monitoring. PE-6 (already matched to TSA-102) is the better physical-security fit. Downgraded.
ADJ-0023,high,TSA-097,T3,Restrict user physical access to control systems using appropriate controls,SP800-53,PE-3,Enforce physical access authorizations at defined entry/exit points; maintain physical access audit logs.,0.1957,Partial,"access, physical",Direct,Friday Ogochukwu Ikwuogu,Strong match: both are physical access control at defined points. Upgraded from Partial.,2026-09-20,Direct,Strong match: both are physical access control at defined points. Upgraded from Partial.
ADJ-0024,high,TSA-086,T3,"Review network connections periodically, including remote and third-party connections",CPG1.0.1,2.F,All OT network connections denied by default; necessary IT-OT communications pass through monitored intermediary.,0.1876,Partial,"connections, network",Related,Friday Ogochukwu Ikwuogu,Related domain (network segmentation) but different control: periodic review vs. default-deny architecture. Downgraded.,2026-09-20,Related,Related domain (network segmentation) but different control: periodic review vs. default-deny architecture. Downgraded.
ADJ-0025,high,TSA-120,T3,"Establish policies and procedures for cybersecurity incident handling, analysis, reporting",SP800-53,IR-4,"Implement an incident handling capability for security incidents that includes preparation, detection, analysis, containment, eradication, and recovery.",0.1848,Partial,"analysis, handling, incident",Direct,Friday Ogochukwu Ikwuogu,"Strong match: incident handling, analysis, and reporting appear explicitly in both. Upgraded from Partial.",2026-09-20,Direct,"Strong match: incident handling, analysis, and reporting appear explicitly in both. Upgraded from Partial."
ADJ-0026,high,TSA-063,T2,Provide security training including incident response to assigned security personnel,CSF2.0,RC.RP-01,The recovery portion of the incident response plan is executed once initiated from the incident response process,0.1847,Partial,"incident, response",Related,Friday Ogochukwu Ikwuogu,Lifecycle mismatch: training vs. recovery execution. Downgraded.,2026-09-20,Related,Lifecycle mismatch: training vs. recovery execution. Downgraded.
ADJ-0027,high,TSA-121,T3,Assign specific roles/tasks to individuals and teams for incident response,CSF2.0,RC.RP-01,The recovery portion of the incident response plan is executed once initiated from the incident response process,0.1839,Partial,"incident, response",Related,Friday Ogochukwu Ikwuogu,Role assignment vs. plan execution are different aspects of incident response. Downgraded.,2026-09-20,Related,Role assignment vs. plan execution are different aspects of incident response. Downgraded.
ADJ-0028,high,TSA-121,T3,Assign specific roles/tasks to individuals and teams for incident response,SP800-53,IR-8,Develop an incident response plan that provides the organization with a roadmap for implementing its incident response capability.,0.1834,Partial,"incident, response",Partial,Friday Ogochukwu Ikwuogu,Reasonable: an IR plan (IR-8) typically includes a roles/responsibilities section. Confirmed.,2026-09-20,Partial,Reasonable: an IR plan (IR-8) typically includes a roles/responsibilities section. Confirmed.
ADJ-0029,high,TSA-124,T3,Establish and maintain process supporting 24-hour cyber incident response,SP800-53,IR-8,Develop an incident response plan that provides the organization with a roadmap for implementing its incident response capability.,0.1833,Partial,"incident, response",Related,Friday Ogochukwu Ikwuogu,"24-hour operational readiness vs. plan development are different aspects; IR-4 (Incident Handling) not in top-3 may fit better. Downgraded, alternate suggested.",2026-09-20,Related,"24-hour operational readiness vs. plan development are different aspects; IR-4 (Incident Handling) not in top-3 may fit better. Downgraded, alternate suggested."
ADJ-0030,high,TSA-096,T3,Establish and enforce unique accounts for each individual user and administrator,CPG1.0.1,2.E,No user accounts have administrator privileges; administrators maintain separate accounts for non-administrative tasks.,0.183,Partial,"accounts, administrator, user",Direct,Friday Ogochukwu Ikwuogu,Strong match: unique accounts per user and separate admin accounts is the same control on both sides. Upgraded from Partial.,2026-09-20,Direct,Strong match: unique accounts per user and separate admin accounts is the same control on both sides. Upgraded from Partial.
ADJ-0031,high,TSA-003,2,Ensure identified security deficiencies have appropriate financial resources allocated,CSF2.0,GV.RR-03,"Adequate resources are allocated commensurate with the cybersecurity risk strategy, roles, responsibilities, and policies",0.1818,Partial,"allocated, resources",Partial,Friday Ogochukwu Ikwuogu,"Good match on resource allocation for security risk; TSA specifies financial resources specifically, a modest scope narrowing. Confirmed.",2026-09-20,Partial,"Good match on resource allocation for security risk; TSA specifies financial resources specifically, a modest scope narrowing. Confirmed."
ADJ-0032,medium,TSA-087,T3,Develop detailed inventory for every endpoint,SP800-53,CM-8,Develop and document an inventory of system components that accurately reflects the current system.,0.1252,Related,"develop, inventory",Partial,Friday Ogochukwu Ikwuogu,Both require a maintained inventory of components/endpoints; close enough in scope to be a real partial match.,2026-09-20,Partial,Both require a maintained inventory of components/endpoints; close enough in scope to be a real partial match.
ADJ-0033,medium,TSA-106,T3,Ensure all persons requiring access receive cybersecurity awareness training,CSF2.0,PR.AT-01,Personnel are provided with awareness and training so that they possess the knowledge and skills to perform general tasks with cybersecurity risks in mind,0.1453,Related,"awareness, cybersecurity, training",Partial,Friday Ogochukwu Ikwuogu,Both require awareness/training on cybersecurity for personnel with access; strong conceptual overlap.,2026-09-20,Partial,Both require awareness/training on cybersecurity for personnel with access; strong conceptual overlap.
ADJ-0034,medium,TSA-108,T3,Establish and execute cyber-threat awareness program including practical exercises,CSF2.0,DE.AE-07,Cyber threat intelligence and other contextual information are integrated into the analysis,0.144,Related,,Related,Friday Ogochukwu Ikwuogu,"TSA is about running an awareness/exercise program; CSF target is about integrating threat intel into detection analysis. Different activities, topically adjacent only.",2026-09-20,Related,"TSA is about running an awareness/exercise program; CSF target is about integrating threat intel into detection analysis. Different activities, topically adjacent only."
ADJ-0035,medium,TSA-108,T3,Establish and execute cyber-threat awareness program including practical exercises,SP800-53,CA-7,Develop a continuous monitoring strategy and implement a program including ongoing control assessments.,0.1437,Related,"including, program",Related,Friday Ogochukwu Ikwuogu,TSA is training/awareness; SP800-53 target is continuous monitoring/control assessment. Different processes.,2026-09-20,Related,TSA is training/awareness; SP800-53 target is continuous monitoring/control assessment. Different processes.
ADJ-0036,medium,TSA-107,T3,Provide role-based security training on recognizing indicators of system compromise,CPG1.0.1,2.H,"Provide at least annual training covering phishing, email compromise, operational security, and password practices.",0.1426,Related,"compromise, provide, security, training",Partial,Friday Ogochukwu Ikwuogu,Both are role-based training specifically on recognizing compromise indicators (phishing/compromise); good topical match.,2026-09-20,Partial,Both are role-based training specifically on recognizing compromise indicators (phishing/compromise); good topical match.
ADJ-0037,medium,TSA-008,2,Notify TSA of security incidents meeting criteria in Appendix B by phone or email,CPG1.0.1,1.G,Contracts stipulate vendors notify organizations of security incidents within a risk-informed timeframe.,0.1403,Related,"incidents, notify, security",Related,Friday Ogochukwu Ikwuogu,"Both are 'notify of security incidents' but different notifying parties (regulated entity->TSA vs. vendor->org); same concept, different relationship.",2026-09-20,Related,"Both are 'notify of security incidents' but different notifying parties (regulated entity->TSA vs. vendor->org); same concept, different relationship."
ADJ-0038,medium,TSA-084,T3,Employ mechanisms to maintain accurate inventory and detect unauthorized components,CPG1.0.1,2.P,Maintain accurate documentation of network topology across all IT and OT networks with periodic reviews.,0.1399,Related,"accurate, maintain",Related,Friday Ogochukwu Ikwuogu,"TSA is inventory/unauthorized-component detection; CPG target is network topology documentation. Adjacent asset-management activities, not the same control.",2026-09-20,Related,"TSA is inventory/unauthorized-component detection; CPG target is network topology documentation. Adjacent asset-management activities, not the same control."
ADJ-0039,medium,TSA-026,6.2,Develop and implement baseline security measures at all facilities,SP800-53,CM-2,"Develop, document, and maintain a current baseline configuration of the system.",0.1393,Related,"baseline, develop",No Match,Friday Ogochukwu Ikwuogu,"TSA is physical/facility security measures; SP800-53 CM-2 is IT system configuration baselines. Shared word 'baseline' is a lexical coincidence, not the same domain.",2026-09-20,No Match,"TSA is physical/facility security measures; SP800-53 CM-2 is IT system configuration baselines. Shared word 'baseline' is a lexical coincidence, not the same domain."
ADJ-0040,medium,TSA-030,T2,Employ measures to impede unauthorized access to facilities,SP800-53,RA-3,"Conduct a risk assessment, including the likelihood and magnitude of harm from unauthorized access or use.",0.1389,Related,"access, unauthorized",No Match,Friday Ogochukwu Ikwuogu,TSA is a physical-access control measure; SP800-53 RA-3 is a risk-assessment process. Different control types.,2026-09-20,No Match,TSA is a physical-access control measure; SP800-53 RA-3 is a risk-assessment process. Different control types.
ADJ-0041,medium,TSA-129,T3,Review organization's cyber recovery plan annually and update as necessary,CPG1.0.1,2.R,Regularly backup all systems necessary for operations at least annually; store separately and test annually.,0.1386,Related,"annually, necessary",Related,Friday Ogochukwu Ikwuogu,"Both concern annual recovery-plan activity (review vs. backup testing); loosely connected, not the same control.",2026-09-20,Related,"Both concern annual recovery-plan activity (review vs. backup testing); loosely connected, not the same control."
ADJ-0042,medium,TSA-084,T3,Employ mechanisms to maintain accurate inventory and detect unauthorized components,SP800-53,CM-8,Develop and document an inventory of system components that accurately reflects the current system.,0.1368,Related,"components, inventory",Partial,Friday Ogochukwu Ikwuogu,Same pairing as ADJ-0032 in substance: inventory of system components to detect unauthorized ones.,2026-09-20,Partial,Same pairing as ADJ-0032 in substance: inventory of system components to detect unauthorized ones.
ADJ-0043,medium,TSA-102,T3,Monitor physical and remote user access to critical pipeline cyber assets,CSF2.0,PR.AA-06,"Physical access to assets is managed, monitored, and enforced commensurate with risk",0.1353,Related,"access, assets, physical",Partial,Friday Ogochukwu Ikwuogu,Both require monitoring physical/remote access to assets; strong topical match.,2026-09-20,Partial,Both require monitoring physical/remote access to assets; strong topical match.
ADJ-0044,medium,TSA-127,T3,Ensure response plans include mitigation measures to help prevent further impacts,CPG1.0.1,2.S,"Maintain, practice, and update IT and OT cybersecurity incident response plans for threat scenarios annually.",0.1336,Related,"plans, response",Related,Friday Ogochukwu Ikwuogu,TSA is about mitigation measures within response plans; CPG target is about maintaining/practicing the plans themselves. Related but not equivalent.,2026-09-20,Related,TSA is about mitigation measures within response plans; CPG target is about maintaining/practicing the plans themselves. Related but not equivalent.
ADJ-0045,medium,TSA-068,T2,Implement procedures for responding to security incidents or emergencies,SP800-53,PE-6,Monitor physical access to the facility and system to detect and respond to physical security incidents.,0.1332,Related,"incidents, security",Related,Friday Ogochukwu Ikwuogu,"TSA is general incident-response procedures; SP800-53 PE-6 is specifically physical-access incident monitoring, a narrower slice.",2026-09-20,Related,"TSA is general incident-response procedures; SP800-53 PE-6 is specifically physical-access incident monitoring, a narrower slice."
ADJ-0046,medium,TSA-013,3.1,Be protected from unauthorized access based on company policy,SP800-53,RA-3,"Conduct a risk assessment, including the likelihood and magnitude of harm from unauthorized access or use.",0.1325,Related,"access, unauthorized",No Match,Friday Ogochukwu Ikwuogu,"TSA is a protection-from-access requirement; SP800-53 RA-3 is a risk-assessment process. Different control types, lexical overlap only ('unauthorized access').",2026-09-20,No Match,"TSA is a protection-from-access requirement; SP800-53 RA-3 is a risk-assessment process. Different control types, lexical overlap only ('unauthorized access')."
ADJ-0047,medium,TSA-077,T2,Make security information records available to TSA upon request,CSF2.0,PR.PS-04,Log records are generated and made available for continuous monitoring,0.1308,Related,"available, records",Related,Friday Ogochukwu Ikwuogu,"Both involve records being available, but TSA is regulator-facing disclosure while CSF target is internal monitoring logs.",2026-09-20,Related,"Both involve records being available, but TSA is regulator-facing disclosure while CSF target is internal monitoring logs."
ADJ-0048,medium,TSA-006,2,Develop and maintain security elements within corporate incident response and recovery plan,CPG1.0.1,2.S,"Maintain, practice, and update IT and OT cybersecurity incident response plans for threat scenarios annually.",0.1305,Related,"incident, maintain, response",Partial,Friday Ogochukwu Ikwuogu,Both are about incident response/recovery plans in the same operational sense.,2026-09-20,Partial,Both are about incident response/recovery plans in the same operational sense.
ADJ-0049,medium,TSA-064,T2,Document security training and maintain records per company retention policy,SP800-53,AT-1,"Develop, document, and disseminate an awareness and training policy and procedures.",0.1303,Related,"document, policy, training",Related,Friday Ogochukwu Ikwuogu,"Both touch training documentation, but TSA is about record retention while SP800-53 AT-1 is about the training policy itself.",2026-09-20,Related,"Both touch training documentation, but TSA is about record retention while SP800-53 AT-1 is about the training policy itself."
ADJ-0050,medium,TSA-059,T2,Document and periodically update contact and communication information,SP800-53,AC-1,"Develop, document, and disseminate an access control policy and procedures; review and update periodically and following defined events.",0.1299,Related,"document, periodically, update",No Match,Friday Ogochukwu Ikwuogu,TSA is about maintaining contact/communication info; SP800-53 AC-1 is an access-control policy. Different subjects; overlap is generic 'document/update/periodically' phrasing.,2026-09-20,No Match,TSA is about maintaining contact/communication info; SP800-53 AC-1 is an access-control policy. Different subjects; overlap is generic 'document/update/periodically' phrasing.
ADJ-0051,medium,TSA-093,T3,"Develop operational framework for coordination, communication, accountability",SP800-53,AU-1,"Develop, document, and disseminate an audit and accountability policy and procedures.",0.1295,Related,"accountability, develop",Related,Friday Ogochukwu Ikwuogu,TSA is a broad coordination/accountability framework; SP800-53 AU-1 is specifically an audit-and-accountability policy. Related but narrower.,2026-09-20,Related,TSA is a broad coordination/accountability framework; SP800-53 AU-1 is specifically an audit-and-accountability policy. Related but narrower.
ADJ-0052,medium,TSA-111,T3,Regularly validate technical controls comply with cybersecurity policies and report,CPG1.0.1,1.F,"Third parties regularly validate cybersecurity defenses through penetration tests, bug bounties, or incident simulations.",0.1794,Related,"cybersecurity, regularly, validate",Partial,Friday Ogochukwu Ikwuogu,"Both are about validating that security controls/defenses actually work, via testing or review.",2026-09-20,Partial,"Both are about validating that security controls/defenses actually work, via testing or review."
ADJ-0053,medium,TSA-122,T3,Establish and maintain cyber-incident response capability,CPG1.0.1,2.S,"Maintain, practice, and update IT and OT cybersecurity incident response plans for threat scenarios annually.",0.1682,Related,"maintain, response",Partial,Friday Ogochukwu Ikwuogu,Both are about establishing and maintaining incident response capability/plans.,2026-09-20,Partial,Both are about establishing and maintaining incident response capability/plans.
ADJ-0054,medium,TSA-127,T3,Ensure response plans include mitigation measures to help prevent further impacts,CSF2.0,ID.IM-04,"Incident response plans and other cybersecurity plans that affect operations are established, communicated, maintained, and improved",0.1722,Related,"plans, response",Partial,Friday Ogochukwu Ikwuogu,Both concern incident response plans being established/maintained with content addressing operational impact.,2026-09-20,Partial,Both concern incident response plans being established/maintained with content addressing operational impact.
ADJ-0055,medium,TSA-128,T3,Establish plan for recovery and reconstitution of cyber assets within business continuity timeframe,SP800-53,CP-10,"Provide for the recovery and reconstitution of the system to a known state after a disruption, compromise, or failure.",0.1725,Related,"reconstitution, recovery",Direct,Friday Ogochukwu Ikwuogu,Near-identical concept: recovery and reconstitution of assets/systems to a known operational state after disruption.,2026-09-20,Direct,Near-identical concept: recovery and reconstitution of assets/systems to a known operational state after disruption.
ADJ-0056,medium,TSA-098,T3,"Employ stringent identity and access management practices (authenticators, passwords)",SP800-53,IA-5,"Manage system authenticators by verifying identity, establishing initial content, changing default authenticators, and refreshing authenticators.",0.1753,Related,"authenticators, identity",Partial,Friday Ogochukwu Ikwuogu,Both are specifically about managing authenticators/credentials as part of identity and access management.,2026-09-20,Partial,Both are specifically about managing authenticators/credentials as part of identity and access management.
ADJ-0057,medium,TSA-099,T3,"Expeditiously modify, delete, or deactivate user accounts for terminated personnel",CPG1.0.1,2.E,No user accounts have administrator privileges; administrators maintain separate accounts for non-administrative tasks.,0.1575,Related,"accounts, user",Related,Friday Ogochukwu Ikwuogu,"Both are account-management controls, but TSA is about deactivating terminated-user accounts while CPG 2.E is about separating admin/non-admin accounts. Different control.",2026-09-20,Related,"Both are account-management controls, but TSA is about deactivating terminated-user accounts while CPG 2.E is about separating admin/non-admin accounts. Different control."
ADJ-0058,medium,TSA-058,T2,Develop internal and external notification requirements and procedures,SP800-53,SC-7,Monitor and control communications at external and key internal managed interfaces of the system.,0.1566,Related,"external, internal",No Match,Friday Ogochukwu Ikwuogu,TSA is about notification requirements/procedures (a communications-plan artifact); SP800-53 SC-7 is a technical boundary-control requirement. Different domains.,2026-09-20,No Match,TSA is about notification requirements/procedures (a communications-plan artifact); SP800-53 SC-7 is a technical boundary-control requirement. Different domains.
ADJ-0059,medium,TSA-035,T2,Implement procedures for controlling access to facility and restricted areas,SP800-53,PE-6,Monitor physical access to the facility and system to detect and respond to physical security incidents.,0.153,Related,"access, facility",Partial,Friday Ogochukwu Ikwuogu,Both are about controlling/monitoring physical access to a facility or restricted area.,2026-09-20,Partial,Both are about controlling/monitoring physical access to a facility or restricted area.
ADJ-0060,medium,TSA-119,T3,Perform regular testing of intrusion and malware detection processes and procedures,CSF2.0,ID.IM-03,"Improvements are identified from execution of operational processes, procedures, and activities",0.158,Related,"procedures, processes",No Match,Friday Ogochukwu Ikwuogu,TSA is specifically about testing intrusion/malware detection; CSF ID.IM-03 is generic language about improvements from process execution. No real shared content beyond the word 'process'.,2026-09-20,No Match,TSA is specifically about testing intrusion/malware detection; CSF ID.IM-03 is generic language about improvements from process execution. No real shared content beyond the word 'process'.
ADJ-0061,medium,TSA-120,T3,"Establish policies and procedures for cybersecurity incident handling, analysis, reporting",CSF2.0,RS.AN-03,Analysis is performed to establish what has taken place during an incident and the root cause of the incident,0.1458,Related,"analysis, establish, incident",Partial,Friday Ogochukwu Ikwuogu,Both are about analyzing incidents to establish what happened/root cause as part of an incident-handling program.,2026-09-20,Partial,Both are about analyzing incidents to establish what happened/root cause as part of an incident-handling program.
ADJ-0062,medium,TSA-097,T3,Restrict user physical access to control systems using appropriate controls,CPG1.0.1,2.D,Enforce administrative process by employee departure date revoking physical access and disabling user accounts.,0.1595,Related,"access, physical, user",Related,Friday Ogochukwu Ikwuogu,"Both are physical-access controls for control systems, but TSA is general restriction while CPG 2.D is specifically departure-triggered revocation.",2026-09-20,Related,"Both are physical-access controls for control systems, but TSA is general restriction while CPG 2.D is specifically departure-triggered revocation."
ADJ-0063,medium,TSA-116,T3,Conduct cyber vulnerability assessments per risk assessment process,CSF2.0,GV.SC-03,"Cybersecurity supply chain risk management is integrated into cybersecurity and enterprise risk management, risk assessment, and improvement processes",0.1625,Related,"assessment, risk",Related,Friday Ogochukwu Ikwuogu,"TSA is a vulnerability-assessment process; CSF GV.SC-03 is about integrating supply-chain risk into broader risk management. Adjacent risk-management activities, not the same control.",2026-09-20,Related,"TSA is a vulnerability-assessment process; CSF GV.SC-03 is about integrating supply-chain risk into broader risk management. Adjacent risk-management activities, not the same control."
ADJ-0064,medium,TSA-097,T3,Restrict user physical access to control systems using appropriate controls,CSF2.0,PR.AA-06,"Physical access to assets is managed, monitored, and enforced commensurate with risk",0.1628,Related,"access, physical",Partial,Friday Ogochukwu Ikwuogu,Both require restricting/monitoring physical access to control systems/assets commensurate with risk.,2026-09-20,Partial,Both require restricting/monitoring physical access to control systems/assets commensurate with risk.
ADJ-0065,medium,TSA-120,T3,"Establish policies and procedures for cybersecurity incident handling, analysis, reporting",CPG1.0.1,2.S,"Maintain, practice, and update IT and OT cybersecurity incident response plans for threat scenarios annually.",0.1221,Related,"cybersecurity, incident",Related,Friday Ogochukwu Ikwuogu,"Both are in the incident-handling domain, but TSA is about handling/analysis/reporting policy while CPG 2.S is about maintaining response plans specifically.",2026-09-20,Related,"Both are in the incident-handling domain, but TSA is about handling/analysis/reporting policy while CPG 2.S is about maintaining response plans specifically."
ADJ-0066,medium,TSA-063,T2,Provide security training including incident response to assigned security personnel,CPG1.0.1,2.T,Collect access and security-focused logs for detection and incident response; notify when critical sources disable.,0.1248,Related,"incident, response",No Match,Friday Ogochukwu Ikwuogu,TSA is security training that includes incident response; CPG 2.T is about collecting security logs. Different controls; shared words are 'incident'/'response' only.,2026-09-20,No Match,TSA is security training that includes incident response; CPG 2.T is about collecting security logs. Different controls; shared words are 'incident'/'response' only.
ADJ-0067,medium,TSA-074,T2,Retain security drill reports until superseded or replaced,CSF2.0,RS.MA-02,Incident reports are triaged and validated,0.1238,Related,reports,No Match,Friday Ogochukwu Ikwuogu,TSA is about retaining drill reports; CSF RS.MA-02 is about triaging/validating live incident reports. Different processes; shared word is only 'reports'.,2026-09-20,No Match,TSA is about retaining drill reports; CSF RS.MA-02 is about triaging/validating live incident reports. Different processes; shared word is only 'reports'.
ADJ-0068,medium,TSA-068,T2,Implement procedures for responding to security incidents or emergencies,CPG1.0.1,1.G,Contracts stipulate vendors notify organizations of security incidents within a risk-informed timeframe.,0.1291,Related,"incidents, security",No Match,Friday Ogochukwu Ikwuogu,TSA is internal incident-response procedure; CPG 1.G is a vendor-contract notification clause. Different parties and different controls.,2026-09-20,No Match,TSA is internal incident-response procedure; CPG 1.G is a vendor-contract notification clause. Different parties and different controls.
ADJ-0069,medium,TSA-044,T2,Develop identification and badging policies and procedures for secure area personnel,SP800-53,IA-1,"Develop, document, and disseminate an identification and authentication policy and procedures.",0.1285,Related,"develop, identification, procedures",Partial,Friday Ogochukwu Ikwuogu,"Both are identification-related policies (badging vs. identification/authentication), a reasonable topical match.",2026-09-20,Partial,"Both are identification-related policies (badging vs. identification/authentication), a reasonable topical match."
ADJ-0070,medium,TSA-106,T3,Ensure all persons requiring access receive cybersecurity awareness training,CPG1.0.1,2.I,Personnel securing OT receive specialized OT-focused cybersecurity training at least annually.,0.1277,Related,"cybersecurity, receive, training",Partial,Friday Ogochukwu Ikwuogu,Both require cybersecurity awareness training for relevant personnel.,2026-09-20,Partial,Both require cybersecurity awareness training for relevant personnel.
ADJ-0071,medium,TSA-124,T3,Establish and maintain process supporting 24-hour cyber incident response,CPG1.0.1,2.S,"Maintain, practice, and update IT and OT cybersecurity incident response plans for threat scenarios annually.",0.1268,Related,"incident, maintain, response",Related,Friday Ogochukwu Ikwuogu,TSA is about a 24-hour response staffing/process capability; CPG 2.S is about maintaining/practicing the response plans. Related but distinct requirements.,2026-09-20,Related,TSA is about a 24-hour response staffing/process capability; CPG 2.S is about maintaining/practicing the response plans. Related but distinct requirements.
ADJ-0072,medium,TSA-115,T3,Monitor for unauthorized access or introduction of malicious code,SP800-53,RA-3,"Conduct a risk assessment, including the likelihood and magnitude of harm from unauthorized access or use.",0.1257,Related,"access, unauthorized",No Match,Friday Ogochukwu Ikwuogu,TSA is active monitoring for unauthorized access/malicious code; SP800-53 RA-3 is a risk-assessment process. Different control types; lexical overlap on 'unauthorized access' only.,2026-09-20,No Match,TSA is active monitoring for unauthorized access/malicious code; SP800-53 RA-3 is a risk-assessment process. Different control types; lexical overlap on 'unauthorized access' only.
ADJ-0073,medium,TSA-027,6.2,Develop and implement both baseline and enhanced security measures at critical facilities,SP800-53,CM-2,"Develop, document, and maintain a current baseline configuration of the system.",0.1172,Related,"baseline, develop",No Match,Friday Ogochukwu Ikwuogu,TSA is physical/facility security measures; SP800-53 CM-2 is an IT configuration baseline. Same mismatch pattern as ADJ-0039.,2026-09-20,No Match,TSA is physical/facility security measures; SP800-53 CM-2 is an IT configuration baseline. Same mismatch pattern as ADJ-0039.
ADJ-0074,medium,TSA-109,T3,Establish and implement policies and procedures for data protection measures,SP800-53,SC-1,"Develop, document, and disseminate a system and communications protection policy and procedures.",0.1211,Related,"procedures, protection",Partial,Friday Ogochukwu Ikwuogu,"Both are policies/procedures specifically for protecting data/system-and-communications, a solid topical match.",2026-09-20,Partial,"Both are policies/procedures specifically for protecting data/system-and-communications, a solid topical match."
ADJ-0075,medium,TSA-100,T3,Establish and enforce access control policies for local and remote users,SP800-53,AC-1,"Develop, document, and disseminate an access control policy and procedures; review and update periodically and following defined events.",0.1173,Related,"access, control",Partial,Friday Ogochukwu Ikwuogu,"Both are access-control policies governing local/remote user access; strong topical match, close to Direct.",2026-09-20,Partial,"Both are access-control policies governing local/remote user access; strong topical match, close to Direct."
ADJ-0076,medium,TSA-028,6.3,"Develop, document, and implement site-specific security measures for critical facilities",SP800-53,PS-1,"Develop, document, and disseminate a personnel security policy and procedures.",0.1234,Related,"develop, document, security",No Match,Friday Ogochukwu Ikwuogu,TSA is site-specific physical security measures; SP800-53 PS-1 is a personnel security policy. Different subjects.,2026-09-20,No Match,TSA is site-specific physical security measures; SP800-53 PS-1 is a personnel security policy. Different subjects.
ADJ-0077,medium,TSA-010,3.1,Document company's security-related policies and procedures,SP800-53,PS-1,"Develop, document, and disseminate a personnel security policy and procedures.",0.1019,Related,"document, procedures",Related,Friday Ogochukwu Ikwuogu,"TSA is documenting all company security policies broadly; SP800-53 PS-1 documents personnel security specifically — a narrower subset, not equivalent.",2026-09-20,Related,"TSA is documenting all company security policies broadly; SP800-53 PS-1 documents personnel security specifically — a narrower subset, not equivalent."
ADJ-0078,medium,TSA-085,T3,Develop and maintain comprehensive network/system architecture diagrams,SP800-53,PL-2,Develop security and privacy plans for the system that are consistent with the organization's enterprise architecture.,0.1027,Related,"architecture, develop",Related,Friday Ogochukwu Ikwuogu,"TSA is architecture diagrams; SP800-53 PL-2 is security/privacy plans consistent with enterprise architecture. Adjacent architecture artifacts, not the same deliverable.",2026-09-20,Related,"TSA is architecture diagrams; SP800-53 PL-2 is security/privacy plans consistent with enterprise architecture. Adjacent architecture artifacts, not the same deliverable."
ADJ-0079,medium,TSA-104,T3,Change all default passwords upon installation or implement compensating controls,CPG1.0.1,2.A,Enforce organization-wide policy requiring changing default manufacturer passwords before deployment.,0.1031,Related,"default, passwords",Direct,Friday Ogochukwu Ikwuogu,Both require changing default (manufacturer) passwords before/upon deployment — essentially the same control.,2026-09-20,Direct,Both require changing default (manufacturer) passwords before/upon deployment — essentially the same control.
ADJ-0080,medium,TSA-121,T3,Assign specific roles/tasks to individuals and teams for incident response,CPG1.0.1,2.S,"Maintain, practice, and update IT and OT cybersecurity incident response plans for threat scenarios annually.",0.1039,Related,"incident, response",Related,Friday Ogochukwu Ikwuogu,TSA is about assigning roles/tasks for incident response; CPG 2.S is about maintaining the response plans themselves. Related but distinct activities.,2026-09-20,Related,TSA is about assigning roles/tasks for incident response; CPG 2.S is about maintaining the response plans themselves. Related but distinct activities.
ADJ-0081,medium,TSA-130,AppB,Notify TSOC via phone at 866-615-5150 or email at TSOC.ST@dhs.gov for security incidents,CPG1.0.1,1.G,Contracts stipulate vendors notify organizations of security incidents within a risk-informed timeframe.,0.1052,Related,"incidents, notify, security",Related,Friday Ogochukwu Ikwuogu,"Both are 'notify of incidents' requirements, but TSA specifies notifying TSOC directly while CPG 1.G is a vendor-to-organization contractual notification.",2026-09-20,Related,"Both are 'notify of incidents' requirements, but TSA specifies notifying TSOC directly while CPG 1.G is a vendor-to-organization contractual notification."
ADJ-0082,medium,TSA-062,T2,"Provide security awareness briefings including incident recognition upon hiring, every 3 years",SP800-53,AT-2,Provide security and privacy literacy training to system users as part of initial training and periodically thereafter.,0.1054,Related,"provide, security",Partial,Friday Ogochukwu Ikwuogu,Both are security awareness/literacy training delivered at onboarding and periodically thereafter.,2026-09-20,Partial,Both are security awareness/literacy training delivered at onboarding and periodically thereafter.
ADJ-0083,medium,TSA-086,T3,"Review network connections periodically, including remote and third-party connections",SP800-53,SI-4,"Monitor the system to detect attacks, indicators of potential attacks, and unauthorized connections.",0.1059,Related,connections,Related,Friday Ogochukwu Ikwuogu,"TSA is periodic manual review of network connections; SP800-53 SI-4 is continuous automated monitoring for unauthorized connections. Related goal, different mechanism.",2026-09-20,Related,"TSA is periodic manual review of network connections; SP800-53 SI-4 is continuous automated monitoring for unauthorized connections. Related goal, different mechanism."
ADJ-0084,medium,TSA-068,T2,Implement procedures for responding to security incidents or emergencies,CSF2.0,RS.MI-01,Incidents are contained,0.1066,Related,incidents,Partial,Friday Ogochukwu Ikwuogu,Both are about responding to/containing incidents once they occur.,2026-09-20,Partial,Both are about responding to/containing incidents once they occur.
ADJ-0085,medium,TSA-007,2,Implement appropriate threat level protective measures upon NTAS receipt,SP800-53,CP-9,"Conduct backups of user-level and system-level information and system documentation, protecting confidentiality, integrity, and availability.",0.1072,Related,,No Match,Friday Ogochukwu Ikwuogu,TSA is about implementing protective measures on a national threat-level alert; SP800-53 CP-9 is about conducting backups. No real conceptual overlap (no shared terms at all).,2026-09-20,No Match,TSA is about implementing protective measures on a national threat-level alert; SP800-53 CP-9 is about conducting backups. No real conceptual overlap (no shared terms at all).
ADJ-0086,medium,TSA-012,3.1,"Be reviewed on an annual basis, and updated as required based on findings",CPG1.0.1,1.B,"Maintain regularly updated inventory of all organizational assets with IP addresses, including OT, updated monthly.",0.1078,Related,updated,No Match,Friday Ogochukwu Ikwuogu,TSA is a general annual policy review/update requirement; CPG 1.B is a monthly asset-inventory update. Different subjects and cadence.,2026-09-20,No Match,TSA is a general annual policy review/update requirement; CPG 1.B is a monthly asset-inventory update. Different subjects and cadence.
ADJ-0087,medium,TSA-085,T3,Develop and maintain comprehensive network/system architecture diagrams,CSF2.0,ID.AM-03,Representations of the organization's authorized network communication and internal and external network data flows are maintained,0.1079,Related,,Partial,Friday Ogochukwu Ikwuogu,TSA's architecture diagrams are effectively the same artifact as CSF's 'representations of network communication and data flows' — good match.,2026-09-20,Partial,TSA's architecture diagrams are effectively the same artifact as CSF's 'representations of network communication and data flows' — good match.
ADJ-0088,medium,TSA-052,T2,Develop and implement maintenance program ensuring security systems in good working order,SP800-53,MA-1,"Develop, document, and disseminate a system maintenance policy and procedures.",0.1083,Related,"develop, maintenance",Partial,Friday Ogochukwu Ikwuogu,Both are about a maintenance program/policy to keep security systems in working order.,2026-09-20,Partial,Both are about a maintenance program/policy to keep security systems in working order.
ADJ-0089,medium,TSA-082,T3,Establish and document policies and procedures for configuration information assessment,CSF2.0,PR.PS-01,Configuration management practices are established and applied,0.1083,Related,configuration,Partial,Friday Ogochukwu Ikwuogu,Both are about establishing configuration-related policies/practices for assessment and management.,2026-09-20,Partial,Both are about establishing configuration-related policies/practices for assessment and management.
ADJ-0090,medium,TSA-014,3.1,Be provided to TSA for review upon request,CSF2.0,ID.AM-04,Inventories of services provided by suppliers are maintained,0.1083,Related,provided,No Match,Friday Ogochukwu Ikwuogu,TSA is providing company records to TSA on request; CSF ID.AM-04 is maintaining inventories of supplier-provided services. Different subjects.,2026-09-20,No Match,TSA is providing company records to TSA on request; CSF ID.AM-04 is maintaining inventories of supplier-provided services. Different subjects.
ADJ-0091,medium,TSA-085,T3,Develop and maintain comprehensive network/system architecture diagrams,CPG1.0.1,5.A,"Develop, maintain, and execute plans to recover and restore mission-critical assets impacted by incidents.",0.1098,Related,"develop, maintain",No Match,Friday Ogochukwu Ikwuogu,TSA is architecture diagrams; CPG 5.A is executing recovery plans for mission-critical assets. Different artifacts/activities.,2026-09-20,No Match,TSA is architecture diagrams; CPG 5.A is executing recovery plans for mission-critical assets. Different artifacts/activities.
ADJ-0092,medium,TSA-073,T2,Retain training records until superseded or replaced,SP800-53,AT-2,Provide security and privacy literacy training to system users as part of initial training and periodically thereafter.,0.1108,Related,training,Related,Friday Ogochukwu Ikwuogu,"Both are in the training domain, but TSA is about retaining training records while SP800-53 AT-2 is about providing the training itself.",2026-09-20,Related,"Both are in the training domain, but TSA is about retaining training records while SP800-53 AT-2 is about providing the training itself."
ADJ-0093,medium,TSA-126,T3,Follow notification criteria in Appendix B for cyber incidents,CSF2.0,DE.AE-08,Incidents are declared when adverse events meet the defined incident criteria,0.1114,Related,"criteria, incidents",Partial,Friday Ogochukwu Ikwuogu,Both are about defined criteria for when something counts/is declared as a reportable incident.,2026-09-20,Partial,Both are about defined criteria for when something counts/is declared as a reportable incident.
ADJ-0094,medium,TSA-057,T2,Update facility SVA within 12 months following significant modifications,SP800-53,AC-1,"Develop, document, and disseminate an access control policy and procedures; review and update periodically and following defined events.",0.1122,Related,"following, update",No Match,Friday Ogochukwu Ikwuogu,TSA is updating a facility Security Vulnerability Assessment; SP800-53 AC-1 is periodically updating an access-control policy. Different subjects.,2026-09-20,No Match,TSA is updating a facility Security Vulnerability Assessment; SP800-53 AC-1 is periodically updating an access-control policy. Different subjects.
ADJ-0095,medium,TSA-102,T3,Monitor physical and remote user access to critical pipeline cyber assets,CPG1.0.1,2.D,Enforce administrative process by employee departure date revoking physical access and disabling user accounts.,0.1127,Related,"access, physical, user",Related,Friday Ogochukwu Ikwuogu,"Both are physical/remote access controls for cyber assets, but TSA is general monitoring while CPG 2.D is specifically departure-triggered access revocation.",2026-09-20,Related,"Both are physical/remote access controls for cyber assets, but TSA is general monitoring while CPG 2.D is specifically departure-triggered access revocation."
ADJ-0096,medium,TSA-090,T3,"Establish and distribute cybersecurity policies, plans, processes, supporting procedures",CSF2.0,ID.IM-04,"Incident response plans and other cybersecurity plans that affect operations are established, communicated, maintained, and improved",0.1142,Related,"cybersecurity, plans",Partial,Friday Ogochukwu Ikwuogu,Both are about establishing and distributing/communicating cybersecurity policies and plans.,2026-09-20,Partial,Both are about establishing and distributing/communicating cybersecurity policies and plans.
ADJ-0097,medium,TSA-011,3.1,"Reference other company plans, policies and procedures such as insider threat",CSF2.0,ID.IM-04,"Incident response plans and other cybersecurity plans that affect operations are established, communicated, maintained, and improved",0.1003,Related,"other, plans",No Match,Friday Ogochukwu Ikwuogu,"TSA is a cross-reference to other unrelated company plans (e.g., insider threat); CSF ID.IM-04 is about incident response plans specifically. Overlap is only the generic word 'plans'.",2026-09-20,No Match,"TSA is a cross-reference to other unrelated company plans (e.g., insider threat); CSF ID.IM-04 is about incident response plans specifically. Overlap is only the generic word 'plans'."
ADJ-0098,low,TSA-030,T2,Employ measures to impede unauthorized access to facilities,CSF2.0,PR.IR-01,Networks and environments are protected from unauthorized logical access and usage,0.0999,Related,"access, unauthorized",No Match,Friday Ogochukwu Ikwuogu,TSA is physical-facility access; CSF PR.IR-01 is logical/network access. Different domains despite shared 'unauthorized access' wording.,2026-09-20,No Match,TSA is physical-facility access; CSF PR.IR-01 is logical/network access. Different domains despite shared 'unauthorized access' wording.
ADJ-0099,low,TSA-016,4.2,"Document the methodology used, and retain criticality assessment until no longer valid",SP800-53,RA-1,"Develop, document, and disseminate a risk assessment policy and procedures.",0.0821,Related,"assessment, document",Related,Friday Ogochukwu Ikwuogu,"Both are about documenting a risk/criticality assessment methodology, but different specific artifacts (criticality assessment vs. general risk-assessment policy).",2026-09-20,Related,"Both are about documenting a risk/criticality assessment methodology, but different specific artifacts (criticality assessment vs. general risk-assessment policy)."
ADJ-0100,low,TSA-110,T3,Segregate and protect pipeline cyber assets from enterprise networks using firewalls,SP800-53,SC-8,Protect the confidentiality and integrity of transmitted information.,0.0816,Related,protect,Related,Friday Ogochukwu Ikwuogu,"Both are about protecting assets/data, but TSA is network segmentation via firewalls while SP800-53 SC-8 is transmission confidentiality/integrity. Adjacent, not equivalent controls.",2026-09-20,Related,"Both are about protecting assets/data, but TSA is network segmentation via firewalls while SP800-53 SC-8 is transmission confidentiality/integrity. Adjacent, not equivalent controls."
ADJ-0101,low,TSA-110,T3,Segregate and protect pipeline cyber assets from enterprise networks using firewalls,CSF2.0,RC.RP-03,The integrity of backups and other restoration assets is verified before using them for restoration,0.0826,Related,"assets, using",No Match,Friday Ogochukwu Ikwuogu,TSA is network segmentation of cyber assets; CSF RC.RP-03 is backup-integrity verification before restoration. Unrelated controls.,2026-09-20,No Match,TSA is network segmentation of cyber assets; CSF RC.RP-03 is backup-integrity verification before restoration. Unrelated controls.
ADJ-0102,low,TSA-024,4.3,Document assessment methodology and make available for TSA review upon request,SP800-53,RA-1,"Develop, document, and disseminate a risk assessment policy and procedures.",0.0841,Related,"assessment, document",Related,Friday Ogochukwu Ikwuogu,"Same pattern as ADJ-0099: documenting an assessment methodology vs. a general risk-assessment policy — related domain, not the same artifact.",2026-09-20,Related,"Same pattern as ADJ-0099: documenting an assessment methodology vs. a general risk-assessment policy — related domain, not the same artifact."
ADJ-0103,low,TSA-129,T3,Review organization's cyber recovery plan annually and update as necessary,SP800-53,IR-8,Develop an incident response plan that provides the organization with a roadmap for implementing its incident response capability.,0.0846,Related,plan,Related,Friday Ogochukwu Ikwuogu,"Both are in the incident-response/recovery planning domain, but TSA is an annual plan review while SP800-53 IR-8 is initial plan development.",2026-09-20,Related,"Both are in the incident-response/recovery planning domain, but TSA is an annual plan review while SP800-53 IR-8 is initial plan development."
ADJ-0104,low,TSA-125,T3,Report significant cyber incidents to senior management and applicable ISACs,CSF2.0,RS.MI-01,Incidents are contained,0.0851,Related,incidents,No Match,Friday Ogochukwu Ikwuogu,TSA is reporting incidents to management/ISACs; CSF RS.MI-01 is about containing incidents. Different activities; overlap is only the word 'incidents'.,2026-09-20,No Match,TSA is reporting incidents to management/ISACs; CSF RS.MI-01 is about containing incidents. Different activities; overlap is only the word 'incidents'.
ADJ-0105,low,TSA-005,2,"Develop and maintain a cyber/SCADA security plan, or incorporate measures in corporate plan",SP800-53,CA-2,Select and develop a control assessment plan; assess controls to determine effectiveness.,0.0855,Related,"develop, plan",Related,Friday Ogochukwu Ikwuogu,"Both involve developing a security-related plan, but TSA's is a cyber/SCADA security plan while SP800-53 CA-2 is a control-assessment plan — different plan types.",2026-09-20,Related,"Both involve developing a security-related plan, but TSA's is a cyber/SCADA security plan while SP800-53 CA-2 is a control-assessment plan — different plan types."
ADJ-0106,low,TSA-005,2,"Develop and maintain a cyber/SCADA security plan, or incorporate measures in corporate plan",CPG1.0.1,5.A,"Develop, maintain, and execute plans to recover and restore mission-critical assets impacted by incidents.",0.0861,Related,"develop, maintain",Related,Friday Ogochukwu Ikwuogu,"Both involve developing/maintaining a security plan, but TSA's cyber/SCADA plan and CPG's recovery/restoration plan serve different purposes.",2026-09-20,Related,"Both involve developing/maintaining a security plan, but TSA's cyber/SCADA plan and CPG's recovery/restoration plan serve different purposes."
ADJ-0107,low,TSA-086,T3,"Review network connections periodically, including remote and third-party connections",CSF2.0,ID.AM-03,Representations of the organization's authorized network communication and internal and external network data flows are maintained,0.0879,Related,network,No Match,Friday Ogochukwu Ikwuogu,TSA is periodic manual review of network connections; CSF ID.AM-03 is maintaining network-topology representations. Different activities despite shared word 'network'.,2026-09-20,No Match,TSA is periodic manual review of network connections; CSF ID.AM-03 is maintaining network-topology representations. Different activities despite shared word 'network'.
ADJ-0108,low,TSA-094,T3,Establish process to identify and evaluate vulnerabilities and compensating controls,CSF2.0,ID.RA-01,"Vulnerabilities in assets are identified, validated, and recorded",0.0823,Related,vulnerabilities,Partial,Friday Ogochukwu Ikwuogu,Both are about a structured process to identify and evaluate/validate vulnerabilities — a genuinely close match the machine underrated at this score.,2026-09-20,Partial,Both are about a structured process to identify and evaluate/validate vulnerabilities — a genuinely close match the machine underrated at this score.
ADJ-0109,low,TSA-043,T2,"Provide critical facilities with security measures to monitor, detect unauthorized access",CSF2.0,PR.IR-01,Networks and environments are protected from unauthorized logical access and usage,0.0815,Related,"access, unauthorized",No Match,Friday Ogochukwu Ikwuogu,TSA is physical-facility monitoring for unauthorized access; CSF PR.IR-01 is logical network access. Same physical-vs-logical mismatch as ADJ-0098.,2026-09-20,No Match,TSA is physical-facility monitoring for unauthorized access; CSF PR.IR-01 is logical network access. Same physical-vs-logical mismatch as ADJ-0098.
ADJ-0110,low,TSA-109,T3,Establish and implement policies and procedures for data protection measures,CSF2.0,ID.AM-07,Inventories of data and corresponding metadata for designated data types are maintained,0.0893,Related,data,No Match,Friday Ogochukwu Ikwuogu,TSA is a data-protection policy requirement; CSF ID.AM-07 is maintaining data inventories. Different controls (protection vs. inventory).,2026-09-20,No Match,TSA is a data-protection policy requirement; CSF ID.AM-07 is maintaining data inventories. Different controls (protection vs. inventory).
ADJ-0111,low,TSA-081,7.2,Evaluate pipeline cyber assets and classify as critical or non-critical,CPG1.0.1,2.M,Maintain accurate documentation of baseline and current configuration details of all critical IT and OT assets.,0.0899,Related,"assets, critical",Related,Friday Ogochukwu Ikwuogu,"Both involve classifying/documenting critical assets, but TSA is criticality classification while CPG 2.M is baseline configuration documentation — related, not equivalent.",2026-09-20,Related,"Both involve classifying/documenting critical assets, but TSA is criticality classification while CPG 2.M is baseline configuration documentation — related, not equivalent."
ADJ-0112,low,TSA-115,T3,Monitor for unauthorized access or introduction of malicious code,CSF2.0,PR.IR-01,Networks and environments are protected from unauthorized logical access and usage,0.0899,Related,"access, unauthorized",No Match,Friday Ogochukwu Ikwuogu,TSA is monitoring for unauthorized physical access/malicious code; CSF PR.IR-01 is logical network access protection. Different domains.,2026-09-20,No Match,TSA is monitoring for unauthorized physical access/malicious code; CSF PR.IR-01 is logical network access protection. Different domains.
ADJ-0113,low,TSA-105,T3,Employ mechanisms to support management of accounts,SP800-53,CM-1,"Develop, document, and disseminate a configuration management policy and procedures.",0.091,Related,management,No Match,Friday Ogochukwu Ikwuogu,TSA is account-management mechanisms; SP800-53 CM-1 is a configuration-management policy. Different control families despite the word 'management'.,2026-09-20,No Match,TSA is account-management mechanisms; SP800-53 CM-1 is a configuration-management policy. Different control families despite the word 'management'.
ADJ-0114,low,TSA-018,4.2,Maintain and secure the company's list of critical facilities,CPG1.0.1,3.A,"Document list of relevant threats and maintain ability to detect instances via rules, alerting, or prevention systems.",0.0914,Related,"list, maintain",No Match,Friday Ogochukwu Ikwuogu,TSA is maintaining a list of critical facilities; CPG 3.A is a threat list with detection capability. Different lists and purposes.,2026-09-20,No Match,TSA is maintaining a list of critical facilities; CPG 3.A is a threat list with detection capability. Different lists and purposes.
ADJ-0115,low,TSA-012,3.1,"Be reviewed on an annual basis, and updated as required based on findings",CSF2.0,GV.PO-02,"Policy for managing cybersecurity risks is reviewed, updated, communicated, and enforced to reflect changes in requirements, threats, technology, and organizational mission",0.0916,Related,"reviewed, updated",Related,Friday Ogochukwu Ikwuogu,"Both are generic 'policy reviewed and updated periodically' requirements — topically aligned but at a very generic level, no specific control matched.",2026-09-20,Related,"Both are generic 'policy reviewed and updated periodically' requirements — topically aligned but at a very generic level, no specific control matched."
ADJ-0116,low,TSA-104,T3,Change all default passwords upon installation or implement compensating controls,CSF2.0,PR.PS-05,Installation and execution of unauthorized software are prevented,0.0923,Related,installation,No Match,Friday Ogochukwu Ikwuogu,TSA is changing default passwords; CSF PR.PS-05 is preventing unauthorized software installation. Different controls; overlap is only the word 'installation'.,2026-09-20,No Match,TSA is changing default passwords; CSF PR.PS-05 is preventing unauthorized software installation. Different controls; overlap is only the word 'installation'.
ADJ-0117,low,TSA-040,T2,Use patent keys to prevent unauthorized duplication,SP800-53,RA-3,"Conduct a risk assessment, including the likelihood and magnitude of harm from unauthorized access or use.",0.0926,Related,unauthorized,No Match,Friday Ogochukwu Ikwuogu,TSA is using patent/physical keys to prevent duplication; SP800-53 RA-3 is a risk-assessment process. Unrelated.,2026-09-20,No Match,TSA is using patent/physical keys to prevent duplication; SP800-53 RA-3 is a risk-assessment process. Unrelated.
ADJ-0118,low,TSA-048,T2,Conduct pre-employment background investigations for positions with unescorted control access,SP800-53,PS-4,"Upon termination of individual employment, disable system access, terminate credentials, and conduct exit interviews.",0.093,Related,"access, conduct",Related,Friday Ogochukwu Ikwuogu,"Both are personnel-security/access controls, but TSA is pre-hire background investigation while SP800-53 PS-4 is post-termination access removal — opposite ends of the lifecycle.",2026-09-20,Related,"Both are personnel-security/access controls, but TSA is pre-hire background investigation while SP800-53 PS-4 is post-termination access removal — opposite ends of the lifecycle."
ADJ-0119,low,TSA-072,T2,Retain criticality assessment documents until superseded or replaced,CSF2.0,GV.SC-04,Suppliers are known and prioritized by criticality,0.0948,Related,criticality,No Match,Friday Ogochukwu Ikwuogu,TSA is retaining criticality-assessment documents; CSF GV.SC-04 is prioritizing suppliers by criticality. Different subjects (asset docs vs. supplier ranking).,2026-09-20,No Match,TSA is retaining criticality-assessment documents; CSF GV.SC-04 is prioritizing suppliers by criticality. Different subjects (asset docs vs. supplier ranking).
ADJ-0120,low,TSA-100,T3,Establish and enforce access control policies for local and remote users,CSF2.0,PR.AA-03,"Users, services, and hardware are authenticated",0.0951,Related,users,Partial,Friday Ogochukwu Ikwuogu,Both are access-control requirements governing who/what can access systems — TSA's local/remote user policy and CSF's authentication requirement are a reasonable match.,2026-09-20,Partial,Both are access-control requirements governing who/what can access systems — TSA's local/remote user policy and CSF's authentication requirement are a reasonable match.
ADJ-0121,low,TSA-027,6.2,Develop and implement both baseline and enhanced security measures at critical facilities,CPG1.0.1,2.M,Maintain accurate documentation of baseline and current configuration details of all critical IT and OT assets.,0.0962,Related,"baseline, critical",No Match,Friday Ogochukwu Ikwuogu,TSA is physical/facility security measures; CPG 2.M is IT/OT asset configuration documentation. Same physical-vs-IT-config mismatch seen elsewhere in this corpus.,2026-09-20,No Match,TSA is physical/facility security measures; CPG 2.M is IT/OT asset configuration documentation. Same physical-vs-IT-config mismatch seen elsewhere in this corpus.
ADJ-0122,low,TSA-011,3.1,"Reference other company plans, policies and procedures such as insider threat",CPG1.0.1,2.S,"Maintain, practice, and update IT and OT cybersecurity incident response plans for threat scenarios annually.",0.0972,Related,"plans, threat",No Match,Friday Ogochukwu Ikwuogu,"TSA is a cross-reference to other unrelated plans (e.g., insider threat); CPG 2.S is about maintaining IR plans specifically. Overlap is only the generic word 'plans'.",2026-09-20,No Match,"TSA is a cross-reference to other unrelated plans (e.g., insider threat); CPG 2.S is about maintaining IR plans specifically. Overlap is only the generic word 'plans'."
ADJ-0123,low,TSA-105,T3,Employ mechanisms to support management of accounts,CPG1.0.1,2.E,No user accounts have administrator privileges; administrators maintain separate accounts for non-administrative tasks.,0.0973,Related,accounts,Related,Friday Ogochukwu Ikwuogu,"Both are account-management controls, but TSA is generic account-management support while CPG 2.E is a specific admin/non-admin separation rule.",2026-09-20,Related,"Both are account-management controls, but TSA is generic account-management support while CPG 2.E is a specific admin/non-admin separation rule."
ADJ-0124,low,TSA-022,4.3,Document findings from each assessment and retain until no longer valid,SP800-53,RA-1,"Develop, document, and disseminate a risk assessment policy and procedures.",0.0977,Related,"assessment, document",Related,Friday Ogochukwu Ikwuogu,"Same pattern as ADJ-0099/0102: documenting assessment findings vs. a general risk-assessment policy — related domain, different artifact.",2026-09-20,Related,"Same pattern as ADJ-0099/0102: documenting assessment findings vs. a general risk-assessment policy — related domain, different artifact."
ADJ-0125,low,TSA-055,T2,Provide equivalent protective security measures during power outages or equipment failure,SP800-53,CP-10,"Provide for the recovery and reconstitution of the system to a known state after a disruption, compromise, or failure.",0.0988,Related,"failure, provide",Related,Friday Ogochukwu Ikwuogu,"Both concern maintaining protection/operations during a disruption (power outage vs. general system disruption) — related resilience concept, not the same control.",2026-09-20,Related,"Both concern maintaining protection/operations during a disruption (power outage vs. general system disruption) — related resilience concept, not the same control."
ADJ-0126,low,TSA-008,2,Notify TSA of security incidents meeting criteria in Appendix B by phone or email,SP800-53,PE-6,Monitor physical access to the facility and system to detect and respond to physical security incidents.,0.0989,Related,"incidents, security",No Match,Friday Ogochukwu Ikwuogu,TSA is notifying TSA of incidents; SP800-53 PE-6 is physical-access monitoring to detect/respond to incidents. Different activities.,2026-09-20,No Match,TSA is notifying TSA of incidents; SP800-53 PE-6 is physical-access monitoring to detect/respond to incidents. Different activities.
ADJ-0127,low,TSA-041,T2,Conduct key inventories every 24 months,CSF2.0,ID.AM-01,Inventories of hardware managed by the organization are maintained,0.0989,Related,inventories,No Match,Friday Ogochukwu Ikwuogu,TSA is inventorying physical keys; CSF ID.AM-01 is inventorying organizational hardware. Different asset types despite both being 'inventories'.,2026-09-20,No Match,TSA is inventorying physical keys; CSF ID.AM-01 is inventorying organizational hardware. Different asset types despite both being 'inventories'.
ADJ-0128,low,TSA-039,T2,"Establish and document key control procedures for issuance, tracking, collection",SP800-53,SC-7,Monitor and control communications at external and key internal managed interfaces of the system.,0.099,Related,control,No Match,Friday Ogochukwu Ikwuogu,TSA is physical key-control procedures (issuance/tracking); SP800-53 SC-7 is network boundary/communications control. Unrelated despite the word 'control'.,2026-09-20,No Match,TSA is physical key-control procedures (issuance/tracking); SP800-53 SC-7 is network boundary/communications control. Unrelated despite the word 'control'.
ADJ-0129,low,TSA-083,T3,Track changes made to pipeline cyber assets and assess patch/upgrade impacts,CPG1.0.1,2.M,Maintain accurate documentation of baseline and current configuration details of all critical IT and OT assets.,0.0295,No Match,assets,Related,Friday Ogochukwu Ikwuogu,TSA's change-tracking/patch-impact assessment and CPG 2.M's baseline configuration documentation are related configuration-management activities — this spot-checked 'No Match' looks too conservative.,2026-09-20,Related,TSA's change-tracking/patch-impact assessment and CPG 2.M's baseline configuration documentation are related configuration-management activities — this spot-checked 'No Match' looks too conservative.
ADJ-0130,low,TSA-070,T2,Develop and document recordkeeping policies and procedures for security information,CPG1.0.1,3.A,"Document list of relevant threats and maintain ability to detect instances via rules, alerting, or prevention systems.",0.0336,No Match,document,No Match,Friday Ogochukwu Ikwuogu,TSA is recordkeeping policy for security information; CPG 3.A is a threat list with detection capability. Confirmed unrelated.,2026-09-20,No Match,TSA is recordkeeping policy for security information; CPG 3.A is a threat list with detection capability. Confirmed unrelated.
ADJ-0131,low,TSA-016,4.2,"Document the methodology used, and retain criticality assessment until no longer valid",CPG1.0.1,2.U,"Store logs in central system accessible only by authorized, authenticated users; retain per risk guidelines.",0.0342,No Match,retain,No Match,Friday Ogochukwu Ikwuogu,TSA is retaining a criticality-assessment methodology; CPG 2.U is log retention. Confirmed unrelated despite shared word 'retain'.,2026-09-20,No Match,TSA is retaining a criticality-assessment methodology; CPG 2.U is log retention. Confirmed unrelated despite shared word 'retain'.
ADJ-0132,low,TSA-039,T2,"Establish and document key control procedures for issuance, tracking, collection",CSF2.0,ID.IM-03,"Improvements are identified from execution of operational processes, procedures, and activities",0.0363,No Match,procedures,No Match,Friday Ogochukwu Ikwuogu,TSA is physical key-control procedures; CSF ID.IM-03 is generic language about process-execution improvements. Confirmed unrelated.,2026-09-20,No Match,TSA is physical key-control procedures; CSF ID.IM-03 is generic language about process-execution improvements. Confirmed unrelated.
ADJ-0133,low,TSA-031,T2,Create a security perimeter impeding unauthorized vehicles using barriers,CPG1.0.1,2.K,"Implement MFA using strongest available method, prioritizing hardware-based phishing-resistant options.",0.0418,No Match,using,No Match,Friday Ogochukwu Ikwuogu,TSA is a physical vehicle-barrier perimeter; CPG 2.K is multi-factor authentication. Confirmed unrelated.,2026-09-20,No Match,TSA is a physical vehicle-barrier perimeter; CPG 2.K is multi-factor authentication. Confirmed unrelated.
ADJ-0134,low,TSA-053,T2,"Through routine use or quarterly exam, verify proper operation of all security equipment",SP800-53,RA-3,"Conduct a risk assessment, including the likelihood and magnitude of harm from unauthorized access or use.",0.0428,No Match,,No Match,Friday Ogochukwu Ikwuogu,TSA is periodic verification of security-equipment operation; SP800-53 RA-3 is a risk-assessment process. Confirmed unrelated.,2026-09-20,No Match,TSA is periodic verification of security-equipment operation; SP800-53 RA-3 is a risk-assessment process. Confirmed unrelated.
ADJ-0135,low,TSA-057,T2,Update facility SVA within 12 months following significant modifications,CPG1.0.1,2.S,"Maintain, practice, and update IT and OT cybersecurity incident response plans for threat scenarios annually.",0.0497,No Match,update,No Match,Friday Ogochukwu Ikwuogu,TSA is updating a facility SVA; CPG 2.S is maintaining IR response plans. Confirmed unrelated despite shared word 'update'.,2026-09-20,No Match,TSA is updating a facility SVA; CPG 2.S is maintaining IR response plans. Confirmed unrelated despite shared word 'update'.
ADJ-0136,low,TSA-076,T2,Retain site-specific measures until superseded or replaced for critical facilities,CPG1.0.1,1.C,A single leader is responsible and accountable for OT-specific cybersecurity within an organization.,0.0545,No Match,,No Match,Friday Ogochukwu Ikwuogu,TSA is retaining site-specific security measures; CPG 1.C is designating a single accountable OT-security leader. Confirmed unrelated.,2026-09-20,No Match,TSA is retaining site-specific security measures; CPG 1.C is designating a single accountable OT-security leader. Confirmed unrelated.
ADJ-0137,low,TSA-108,T3,Establish and execute cyber-threat awareness program including practical exercises,CPG1.0.1,5.A,"Develop, maintain, and execute plans to recover and restore mission-critical assets impacted by incidents.",0.0552,No Match,execute,No Match,Friday Ogochukwu Ikwuogu,TSA is a cyber-threat awareness/exercise program; CPG 5.A is executing asset-recovery plans. Confirmed unrelated.,2026-09-20,No Match,TSA is a cyber-threat awareness/exercise program; CPG 5.A is executing asset-recovery plans. Confirmed unrelated.
ADJ-0138,low,TSA-017,4.2,Conduct an SVA for facilities determined to be critical,CSF2.0,ID.RA-10,Critical suppliers are assessed prior to acquisition,0.0598,No Match,critical,No Match,Friday Ogochukwu Ikwuogu,TSA is conducting a facility SVA; CSF ID.RA-10 is assessing suppliers before acquisition. Confirmed unrelated despite shared word 'critical'.,2026-09-20,No Match,TSA is conducting a facility SVA; CSF ID.RA-10 is assessing suppliers before acquisition. Confirmed unrelated despite shared word 'critical'.
ADJ-0139,low,TSA-010,3.1,Document company's security-related policies and procedures,CSF2.0,GV.RR-02,"Roles, responsibilities, and authorities related to cybersecurity risk management are established, communicated, understood, and enforced",0.0743,No Match,,No Match,Friday Ogochukwu Ikwuogu,TSA is documenting company security policies broadly; CSF GV.RR-02 is establishing cybersecurity roles/responsibilities. Confirmed unrelated.,2026-09-20,No Match,TSA is documenting company security policies broadly; CSF GV.RR-02 is establishing cybersecurity roles/responsibilities. Confirmed unrelated.
ADJ-0140,low,TSA-088,T3,Review and assess pipeline cyber asset classification every 12 months,SP800-53,SR-6,Assess and review the supply chain-related risks associated with suppliers or contractors.,0.0794,No Match,"assess, review",No Match,Friday Ogochukwu Ikwuogu,TSA is reviewing pipeline asset classification; SP800-53 SR-6 is assessing supply-chain risk. Confirmed unrelated despite shared 'assess/review'.,2026-09-20,No Match,TSA is reviewing pipeline asset classification; SP800-53 SR-6 is assessing supply-chain risk. Confirmed unrelated despite shared 'assess/review'.
ADJ-0141,low,TSA-072,T2,Retain criticality assessment documents until superseded or replaced,CPG1.0.1,1.I,Procurement documents include cybersecurity requirements evaluated during vendor selection.,0.0808,Related,documents,No Match,Friday Ogochukwu Ikwuogu,TSA is retaining criticality-assessment documents; CPG 1.I is procurement documents with cybersecurity requirements. Different subjects despite shared word 'documents'.,2026-09-20,No Match,TSA is retaining criticality-assessment documents; CPG 1.I is procurement documents with cybersecurity requirements. Different subjects despite shared word 'documents'.
ADJ-0142,low,TSA-091,T3,"Review and assess cybersecurity policies regularly, not to exceed 36 months",SP800-53,SR-6,Assess and review the supply chain-related risks associated with suppliers or contractors.,0.0815,Related,"assess, review",No Match,Friday Ogochukwu Ikwuogu,TSA is periodic review of cybersecurity policies broadly; SP800-53 SR-6 is supply-chain risk assessment specifically. Different subjects despite shared 'assess/review'.,2026-09-20,No Match,TSA is periodic review of cybersecurity policies broadly; SP800-53 SR-6 is supply-chain risk assessment specifically. Different subjects despite shared 'assess/review'.
ADJ-0143,low,TSA-080,T2,Conduct outreach to neighboring residences for facility security awareness,SP800-53,AT-1,"Develop, document, and disseminate an awareness and training policy and procedures.",0.0808,Related,awareness,No Match,Friday Ogochukwu Ikwuogu,TSA is community outreach to neighbors for facility awareness; SP800-53 AT-1 is an internal personnel training policy. Different audiences and purposes.,2026-09-20,No Match,TSA is community outreach to neighbors for facility awareness; SP800-53 AT-1 is an internal personnel training policy. Different audiences and purposes.
ADJ-0144,low,TSA-073,T2,Retain training records until superseded or replaced,CSF2.0,PR.PS-04,Log records are generated and made available for continuous monitoring,0.0808,Related,records,No Match,Friday Ogochukwu Ikwuogu,TSA is retaining training records; CSF PR.PS-04 is generating log records for monitoring. Different record types despite shared word 'records'.,2026-09-20,No Match,TSA is retaining training records; CSF PR.PS-04 is generating log records for monitoring. Different record types despite shared word 'records'.
ADJ-0145,low,TSA-088,T3,Review and assess pipeline cyber asset classification every 12 months,CPG1.0.1,5.A,"Develop, maintain, and execute plans to recover and restore mission-critical assets impacted by incidents.",0.0,No Match,,No Match,Friday Ogochukwu Ikwuogu,Zero cosine similarity and no shared terms — correctly a No Match; asset classification review and recovery-plan execution are unrelated.,2026-09-20,No Match,Zero cosine similarity and no shared terms — correctly a No Match; asset classification review and recovery-plan execution are unrelated.
ADJ-0146,low,TSA-036,T2,Close and secure perimeter gates or entrances when not in use,CPG1.0.1,5.A,"Develop, maintain, and execute plans to recover and restore mission-critical assets impacted by incidents.",0.0,No Match,,No Match,Friday Ogochukwu Ikwuogu,Zero cosine similarity and no shared terms — correctly a No Match; closing perimeter gates and recovery-plan execution are unrelated.,2026-09-20,No Match,Zero cosine similarity and no shared terms — correctly a No Match; closing perimeter gates and recovery-plan execution are unrelated.
ADJ-0147,low,TSA-114,T3,Review logs and respond to alerts in timely manner,CSF2.0,RC.CO-04,Public updates on incident recovery are shared using approved methods and messaging,0.0,No Match,,No Match,Friday Ogochukwu Ikwuogu,Zero cosine similarity and no shared terms — correctly a No Match; reviewing logs/alerts and public incident-recovery communications are unrelated.,2026-09-20,No Match,Zero cosine similarity and no shared terms — correctly a No Match; reviewing logs/alerts and public incident-recovery communications are unrelated.
ADJ-0148,low,TSA-081,7.2,Evaluate pipeline cyber assets and classify as critical or non-critical,CSF2.0,ID.RA-10,Critical suppliers are assessed prior to acquisition,0.089,Related,critical,No Match,Friday Ogochukwu Ikwuogu,TSA is classifying pipeline assets as critical/non-critical; CSF ID.RA-10 is assessing suppliers before acquisition. Different subjects despite shared word 'critical'.,2026-09-20,No Match,TSA is classifying pipeline assets as critical/non-critical; CSF ID.RA-10 is assessing suppliers before acquisition. Different subjects despite shared word 'critical'.
ADJ-0149,low,TSA-008,2,Notify TSA of security incidents meeting criteria in Appendix B by phone or email,CSF2.0,DE.AE-08,Incidents are declared when adverse events meet the defined incident criteria,0.0886,Related,"criteria, incidents",Related,Friday Ogochukwu Ikwuogu,"Both are about criteria-based determination of what counts as a reportable/declarable incident — related concept, though TSA specifies notifying TSA while CSF is a general declaration trigger.",2026-09-20,Related,"Both are about criteria-based determination of what counts as a reportable/declarable incident — related concept, though TSA specifies notifying TSA while CSF is a general declaration trigger."
